{
  "baseline_summary": "docs/evidence/phase4e_cebench_matched200/cebench_matched200_summary.json",
  "baseline_metrics": {
    "contrastive_score_mean_max": 50.51130743026734,
    "independent_score_mean_max": 50.99926634788513,
    "interpretability_score_mean_max": 47.951611585617066
  },
  "rows": [
    {
      "architecture": "topk",
      "contrastive_score_mean_max": 7.901997175216675,
      "delta_contrastive_score_mean_max": -42.60931025505066,
      "independent_score_mean_max": 9.000797727108,
      "delta_independent_score_mean_max": -41.99846862077713,
      "interpretability_score_mean_max": 7.585395152568817,
      "delta_interpretability_score_mean_max": -40.36621643304825
    },
    {
      "architecture": "relu",
      "contrastive_score_mean_max": 4.484524784088134,
      "delta_contrastive_score_mean_max": -46.0267826461792,
      "independent_score_mean_max": 4.622185326814652,
      "delta_independent_score_mean_max": -46.37708102107048,
      "interpretability_score_mean_max": 4.228144862651825,
      "delta_interpretability_score_mean_max": -43.72346672296524
    },
    {
      "architecture": "batchtopk",
      "contrastive_score_mean_max": 6.804405152797699,
      "delta_contrastive_score_mean_max": -43.70690227746964,
      "independent_score_mean_max": 7.664323370456696,
      "delta_independent_score_mean_max": -43.33494297742844,
      "interpretability_score_mean_max": 6.4668281817436215,
      "delta_interpretability_score_mean_max": -41.48478340387344
    },
    {
      "architecture": "jumprelu",
      "contrastive_score_mean_max": 4.5816484069824215,
      "delta_contrastive_score_mean_max": -45.92965902328491,
      "independent_score_mean_max": 4.6479918885231015,
      "delta_independent_score_mean_max": -46.35127445936203,
      "interpretability_score_mean_max": 4.350986768007278,
      "delta_interpretability_score_mean_max": -43.600624817609784
    }
  ]
}
