{
  "seeds": [
    42,
    123,
    456
  ],
  "runs": [
    {
      "seed": 42,
      "run_id": "run_20260213T024329Z",
      "train_loss": 0.003674142599468016,
      "train_ev": 0.9994291741241315,
      "best_k": 5,
      "best_auc": 0.6233109469460376,
      "best_acc": 0.61093354998852,
      "best_f1": 0.5611626265126102,
      "llm_auc": 0.6744019001622025,
      "delta_auc": -0.05109095321616486
    },
    {
      "seed": 123,
      "run_id": "run_20260213T031247Z",
      "train_loss": 0.003721374740254962,
      "train_ev": 0.9994333358782014,
      "best_k": 5,
      "best_auc": 0.6222436358181593,
      "best_acc": 0.6100071264871239,
      "best_f1": 0.561622279764277,
      "llm_auc": 0.6744019001622025,
      "delta_auc": -0.05215826434404314
    },
    {
      "seed": 456,
      "run_id": "run_20260213T032116Z",
      "train_loss": 0.0036612785511857104,
      "train_ev": 0.9994365668468452,
      "best_k": 5,
      "best_auc": 0.6222487251237309,
      "best_acc": 0.6100059467818928,
      "best_f1": 0.5583997898219777,
      "llm_auc": 0.6744019001622025,
      "delta_auc": -0.05215317503847161
    }
  ],
  "aggregate": {
    "best_auc": {
      "mean": 0.6226011026293093,
      "std": 0.0006147484776324761,
      "ci95": [
        0.6219054492391811,
        0.6232967560194376
      ]
    },
    "delta_auc_vs_llm": {
      "mean": -0.051800797532893204,
      "std": 0.0006147484776324761,
      "ci95": [
        -0.05249645092302145,
        -0.05110514414276496
      ]
    }
  }
}
