{
  "topk": {
    "mean": 0.3015359489445494,
    "std": 0.0009282670973466009,
    "sem": 0.0002935438304608502
  },
  "relu": {
    "mean": 0.2994553814743365,
    "std": 0.0012239320981349252,
    "sem": 0.0003870413131495086
  },
  "mann_whitney": {
    "statistic": 93.0,
    "p_value": 0.0013149446697132139
  },
  "cohens_d": 1.9154435789531912
}