{
  "selector_grouped_min3": {
    "source": "grouped",
    "group_id": "topk",
    "condition_id": "topk",
    "checkpoint": "results/experiments/phase4b_architecture_frontier_external_multiseed/run_20260214T202538Z/checkpoints/topk_seed123/sae_final.pt",
    "metrics": {
      "saebench_delta": -0.04478959689939781,
      "cebench_interp_delta_vs_baseline": -40.467037470119465,
      "cebench_interpretability_max": 7.4845741154976055,
      "train_explained_variance": 0.7437727245610648,
      "saebench_delta_mean": -0.04059280026569467,
      "saebench_delta_std": 0.004787919673827799,
      "saebench_delta_ci95_low": -0.04478959689939781,
      "saebench_delta_ci95_high": -0.03639600363199154,
      "saebench_delta_n": 5,
      "cebench_interp_delta_vs_baseline_mean": -40.2248433790207,
      "cebench_interp_delta_vs_baseline_std": 0.2763073731865414,
      "cebench_interp_delta_vs_baseline_ci95_low": -40.467037470119465,
      "cebench_interp_delta_vs_baseline_ci95_high": -39.98264928792193,
      "cebench_interp_delta_vs_baseline_n": 5,
      "train_explained_variance_mean": 0.7450903693098756,
      "train_explained_variance_std": 0.001503236341090101,
      "train_explained_variance_ci95_low": 0.7437727245610648,
      "train_explained_variance_ci95_high": 0.7464080140586864,
      "train_explained_variance_n": 5,
      "cebench_interpretability_max_mean": 7.726768206596374,
      "cebench_interpretability_max_std": 0.2763073731865415,
      "cebench_interpretability_max_ci95_low": 7.4845741154976055,
      "cebench_interpretability_max_ci95_high": 7.968962297695142,
      "cebench_interpretability_max_n": 5
    }
  },
  "selector_grouped_min2": {
    "source": "grouped",
    "group_id": "assignv3_lambda0.05",
    "condition_id": "assignv3_lambda0.05",
    "checkpoint": "results/experiments/phase4d_assignment_consistency_v3_external_sweep/run_20260216T005618Z/checkpoints/lambda_0.05/sae_seed456.pt",
    "metrics": {
      "saebench_delta": -0.05807325783156092,
      "cebench_interp_delta_vs_baseline": -39.15336721134186,
      "cebench_interpretability_max": 8.798244374275207,
      "train_explained_variance": 0.5618366785049438,
      "saebench_delta_mean": -0.052637711705693424,
      "saebench_delta_std": 0.0039219505357685445,
      "saebench_delta_ci95_low": -0.05807325783156092,
      "saebench_delta_ci95_high": -0.04720216557982593,
      "saebench_delta_n": 2,
      "cebench_interp_delta_vs_baseline_mean": -35.96982697606087,
      "cebench_interp_delta_vs_baseline_std": 2.2970437638238823,
      "cebench_interp_delta_vs_baseline_ci95_low": -39.15336721134186,
      "cebench_interp_delta_vs_baseline_ci95_high": -32.786286740779886,
      "cebench_interp_delta_vs_baseline_n": 2,
      "train_explained_variance_mean": 0.5667214632034301,
      "train_explained_variance_std": 0.003524555494832604,
      "train_explained_variance_ci95_low": 0.5618366785049438,
      "train_explained_variance_ci95_high": 0.5716062479019164,
      "train_explained_variance_n": 2,
      "cebench_interpretability_max_mean": 11.981784609556197,
      "cebench_interpretability_max_std": 2.297043763823883,
      "cebench_interpretability_max_ci95_low": 8.798244374275207,
      "cebench_interpretability_max_ci95_high": 15.165324844837187,
      "cebench_interpretability_max_n": 2
    }
  },
  "release_gates": {
    "random_model": true,
    "transcoder": true,
    "ood": true,
    "external": false,
    "external_saebench": false,
    "external_cebench": false,
    "external_mode_used": "joint",
    "external_threshold_basis": "lcb",
    "pass_all": false
  },
  "release_metrics": {
    "trained_random_delta": 0.0012296229600906594,
    "trained_random_delta_lcb": 6.183199584486321e-05,
    "transcoder_delta": 0.004916101694107056,
    "ood_drop": 0.020994556554025268,
    "external_delta": -0.04478959689939781,
    "saebench_delta": -0.04478959689939781,
    "saebench_delta_ci95_low": -0.04478959689939781,
    "cebench_interp_delta_vs_baseline": -40.467037470119465,
    "cebench_interp_delta_vs_baseline_ci95_low": -40.467037470119465,
    "cebench_interpretability_max": 7.4845741154976055,
    "external_gate_saebench_value": -0.04478959689939781,
    "external_gate_cebench_value": -40.467037470119465
  },
  "ood_metrics": {
    "ood_drop": 0.020994556554025268,
    "relative_drop": 0.5931760974210678,
    "id_best_minus_llm_auc": -0.03539346350148398,
    "ood_best_minus_llm_auc": -0.05638802005550925
  },
  "best_routed_by_ce_delta": {
    "run": "run_20260215T234257Z",
    "mode": "expert_topk",
    "d_sae": 2048,
    "k": 32,
    "experts": 8,
    "bal": 0.05,
    "ent": 0.01,
    "lr": 0.001,
    "epochs": 8,
    "train_ev": 0.29035973922647684,
    "train_l0": 32.0,
    "sae_delta": -0.07337487933424229,
    "ce_delta": -37.26099598566691
  },
  "best_assignment_by_ce_delta": {
    "run": "run_20260216T005618Z",
    "d_sae": 2048,
    "k": 32,
    "epochs": 16,
    "lr": 0.0007,
    "best_lambda": 0.05,
    "pass_all": false,
    "internal_lcb": 0.8387931399233639,
    "ev_drop": 0.25778840780258183,
    "sae_delta": -0.04986447388637327,
    "ce_delta": -34.34557175397873
  }
}
